<?xml version="1.0" encoding="utf-8"?>
<extension type="module" version="2.5.0" client="site" method="upgrade">
	<name>JJ Shoutbox</name> 
	<author>JoomJunk</author> 
	<creationDate>05-Mar-2012</creationDate> 
	<copyright>Copyright (C) 2011 - 2013 JoomJunk</copyright> 
	<license>http://www.gnu.org/licenses/gpl-3.0.html</license> 
	<authorEmail>admin@joomjunk.co.uk</authorEmail> 
	<authorUrl>http://www.joomjunk.co.uk</authorUrl> 
	<version>1.2.5</version> 
	<description>JJSHOUTBOX_DESCRIPTION</description>
	
	<install>
        <sql>
            <file driver="mysql" charset="utf8">sql/mysql/install.mysql.utf8.sql</file>
			<file driver="postgresql" charset="utf8">sql/postgresql/install.postgresql.utf8.sql</file>
        </sql>
    </install>
              
    <uninstall>
        <sql>
			<file driver="mysql" charset="utf8">sql/mysql/uninstall.mysql.utf8.sql</file>
			<file driver="postgresql" charset="utf8">sql/postgresql/uninstall.postgresql.utf8.sql</file>
        </sql>
    </uninstall>
	
	<update> 
		<schemas>
			<schemapath type="mysql">sql/mysql/updates</schemapath> 
			<schemapath type="postgresql">sql/postgresql/updates</schemapath> 
		</schemas> 
	</update>
	
	<scriptfile>script.php</scriptfile>

	<media folder="media" destination="mod_shoutbox">
		<filename>index.html</filename>
		<folder>css</folder>
		<folder>images</folder>
        <folder>js</folder>
        <folder>recaptcha</folder>
	</media>
	
	<files>
		<filename module="mod_shoutbox">mod_shoutbox.php</filename>
		<filename>index.html</filename>
		<filename>swearWords.php</filename>
		<filename>helper.php</filename>
		<folder>tmpl</folder>
		<folder>sql</folder>
	</files>
 
    <languages>
        <language tag="en-GB">language/en-GB/en-GB.mod_shoutbox.ini</language>
		<language tag="en-GB">language/en-GB/en-GB.mod_shoutbox.sys.ini</language>
    </languages>
	
	<updateservers>
		<server type="extension" name="JJ Shoutbox" priority="1">http://www.joomjunk.co.uk/updates/shoutbox_update.xml</server>
	</updateservers>
 
    <config>
		<fields name="params">
			<fieldset name="basic">
				<field name="profile" type="list" default="none" label="SHOUT_LINK_PROFILE" description="SHOUT_LINK_PROFILEDESC">
					<option value="0">SHOUT_NO_USERS</option>
					<option value="1">SHOUT_CB_USERS</option>
					<option value="2">SHOUT_KUNENA_USERS</option>
					<option value="3">SHOUT_JOM_SOCIAL_USERS</option>
					<option value="4">SHOUT_K2_BLOG_USERS</option>
				</field>
				<field name="maximum" type="text" default="5" label="SHOUT_MAXIMUMLABEL" description="SHOUT_MAXIMUMDESC" />
				<field name="bordercolor" type="color" default="#FF3C16" label="SHOUT_BORDERLABEL" description="SHOUT_BORDERDESC" />
				<field name="borderwidth" type="text" default="1" label="SHOUT_BORDERWIDTHLABEL" description="SHOUT_BORDERWIDTHDESC" />
				<field name="loginname" type="radio" default="1" label="SHOUT_LOGIN_NAMELABEL" description="SHOUT_LOGIN_NAMEDESC">
					<option value="0">SHOUT_REAL</option>
					<option value="1">SHOUT_USER</option>
					<option value="2">SHOUT_CHOOSE</option>
				</field>
				<field name="guestpost" type="Usergroup" default="1" multiple="true" label="SHOUT_GUESTLABEL" description="SHOUT_GUESTDESC" />
				<field name="date" type="list" default="2" label="SHOUT_SHOW_DATE" description="SHOUT_SHOW_DATEDESC">
					<option value="0">SHOUT_DATE_ENGLAND_BACKSLASH</option>
					<option value="3">SHOUT_DATE_AMERICAN_BACKSLASH</option>
					<option value="1">SHOUT_DATE_SPACE</option>
					<option value="4">SHOUT_DATE_SPACE_OPTION_TWO</option>
					<option value="2">SHOUT_DONT_SHOW</option>
				</field>
				<field name="nonmembers" type="text" size="50" default="The shoutbox is unavailable to non-members" label="SHOUT_NONMEMBER" description="SHOUT_NONMEMBERDESC" />
				<field name="submittext" type="text" default="Shout!" label="SHOUT_SUBMITTEXT" description="SHOUT_SUBMITTEXTDESC" />
				<field name="deletecolor" type="color" default="#FF0000" label="SHOUT_DELETELABEL" description="SHOUT_DELETEDESC" />
				<field name="headercolor" type="color" default="#D0D0D0" label="SHOUT_HEADERLABEL" description="SHOUT_HEADERDESC" />
				<field name="smile" type="list" default="1" label="SHOUT_SMILELABEL" description="SHOUT_SMILEDESC">
					<option value="0">SHOUT_SMILIES_ON</option>
					<option value="1">SHOUT_SMILIES_ON_FIXED</option>
					<option value="2">SHOUT_SMILIES_ON_SLIDE</option>
					<option value="3">SHOUT_SMILIES_DISABLE</option>
				</field>
				<field name="swearingcounter" type="radio" default="0" label="SHOUT_SWEARLABEL" description="SHOUT_SWEARDESC">
					<option value="0">JON</option>
					<option value="1">JOFF</option>
				</field>
				<field name="swearingnumber" type="text" default="3" label="SHOUT_SWEARNUMLABEL" description="SHOUT_SWEARNUMDESC" />
				<field name="messagelength" type="text" default="200" label="SHOUT_MESSAGELABEL" description="SHOUT_MESSAGEDESC" />
				<field name="alertlength" type="text" default="50" label="SHOUT_ALERTLABEL" description="SHOUT_ALERTDESC" />
				<field name="warnlength" type="text" default="10" label="SHOUT_WARNLABEL" description="SHOUT_WARNDESC" />
			</fieldset>

			<fieldset name="security" label="SHOUT_SECURITY">
				<field name="recaptchaon" type="radio" default="1" label="SHOUT_RECAPTCHAON_LABEL" description="SHOUT_RECAPTCHAON_DESC">
					<option value="0">JYES</option>
					<option value="1">JNO</option>
				</field>
				<field name="recaptcha-public" type="text" label="SHOUT_RECAPTCHA_PUBLIC_LABEL" description="SHOUT_RECAPTCHA_PUBLIC_DESC" />
				<field name="recaptcha-private" type="text" label="SHOUT_RECAPTCHA_PRIVATE_LABEL" description="SHOUT_RECAPTCHA_PRIVATE_DESC" />
				
				<field name="securityquestion" type="radio" default="1" label="SHOUT_SECURITY_QUESTION_LABEL" description="SHOUT_SECURITY_QUESTION_DESC">
					<option value="0">JYES</option>
					<option value="1">JNO</option>
				</field>
			</fieldset>
			
			<fieldset name="advanced">
				<field name="mass_delete" type="radio" default="0" label="SHOUT_MASS_DELETE_OPTION" description="SHOUT_MASS_DELETE_OPTION_DESC">
					<option value="0">JYES</option>
					<option value="1">JNO</option>
				</field>
				<field name="moduleclass_sfx" type="text" default="" label="COM_MODULES_FIELD_MODULECLASS_SFX_LABEL" description="COM_MODULES_FIELD_MODULECLASS_SFX_DESC" />
			</fieldset>

		</fields>
	</config>
</extension>
